{
  "model": {
    "type": "range_dispatch",
    "property": "custom_model_data",
    "entries": [
      { "threshold": 7000, "model": { "type": "model", "model": "gens/setup/air" }},
      { "threshold": 7001, "model": { "type": "model", "model": "gens/setup/effect1" }},
      { "threshold": 7002, "model": { "type": "model", "model": "gens/setup/effect2" }},
      { "threshold": 7003, "model": { "type": "model", "model": "gens/setup/meteor" }},
      { "threshold": 7004, "model": { "type": "model", "model": "gens/setup/electric" }},
      { "threshold": 7005, "model": { "type": "model", "model": "gens/setup/effect3" }},
      { "threshold": 7006, "model": { "type": "model", "model": "gens/setup/effect4" }},
      { "threshold": 7007, "model": { "type": "model", "model": "gens/setup/effect5" }},
      { "threshold": 7008, "model": { "type": "model", "model": "gens/setup/common" }},
      { "threshold": 7009, "model": { "type": "model", "model": "gens/setup/uncommon" }},
      { "threshold": 7010, "model": { "type": "model", "model": "gens/setup/rare" }},
      { "threshold": 7011, "model": { "type": "model", "model": "gens/setup/epic" }},
      { "threshold": 7012, "model": { "type": "model", "model": "gens/setup/legendary" }},
      { "threshold": 7013, "model": { "type": "model", "model": "gens/setup/ufo" }},
      { "threshold": 7014, "model": { "type": "model", "model": "gens/setup/ufo2" }},
      { "threshold": 7015, "model": { "type": "model", "model": "gens/setup/banner" }},
      { "threshold": 7016, "model": { "type": "model", "model": "gens/setup/ball" }},
      { "threshold": 7017, "model": { "type": "model", "model": "gens/setup/left" }},
      { "threshold": 7018, "model": { "type": "model", "model": "gens/setup/right" }},
      { "threshold": 7019, "model": { "type": "model", "model": "gens/setup/boosters" }}
    ],
    "fallback": {
      "type": "model",
      "model": "item/gold_nugget"
    }
  }
}
