{
  "parent": "minecraft:item/generated",
  "textures": {
    "layer0": "minecraft:item/paper"
  },
	"overrides": [
        {"predicate":{"custom_model_data":7000},"model":"gens/setup/potion1-1"},
        {"predicate":{"custom_model_data":7001},"model":"gens/setup/potion1-2"},
        {"predicate":{"custom_model_data":7002},"model":"gens/setup/potion1-3"},
        {"predicate":{"custom_model_data":7003},"model":"gens/setup/potion2-1"},
        {"predicate":{"custom_model_data":7004},"model":"gens/setup/potion2-2"},
        {"predicate":{"custom_model_data":7005},"model":"gens/setup/potion2-3"},
        {"predicate":{"custom_model_data":7006},"model":"gens/setup/potion3-1"},
        {"predicate":{"custom_model_data":7007},"model":"gens/setup/potion3-2"},
        {"predicate":{"custom_model_data":7008},"model":"gens/setup/potion3-3"},
        {"predicate":{"custom_model_data":7009},"model":"gens/setup/potion4-1"},
        {"predicate":{"custom_model_data":7010},"model":"gens/setup/potion4-2"},
        {"predicate":{"custom_model_data":7011},"model":"gens/setup/potion4-3"},
        {"predicate":{"custom_model_data":7012},"model":"gens/setup/chest1"},
        {"predicate":{"custom_model_data":7013},"model":"gens/setup/chest2"},
        {"predicate":{"custom_model_data":7014},"model":"gens/setup/chest3"},
        {"predicate":{"custom_model_data":7015},"model":"gens/setup/jobrew1"},
        {"predicate":{"custom_model_data":7016},"model":"gens/setup/jobrew2"},
        {"predicate":{"custom_model_data":7017},"model":"gens/setup/jobrew3"},
        {"predicate":{"custom_model_data":7018},"model":"gens/setup/jobrew4"},
        {"predicate":{"custom_model_data":7019},"model":"gens/setup/jobrew5"},
        {"predicate":{"custom_model_data":7020},"model":"gens/setup/claimed"},
        {"predicate":{"custom_model_data":7021},"model":"gens/setup/lock"},
        {"predicate":{"custom_model_data":7022},"model":"gens/setup/magicfeather"},
        {"predicate":{"custom_model_data":7023},"model":"gens/setup/locked"}
      ]
}